Name|Location
Pane e Vino Providence|365 Atwells Avenue, Providence, RI 02903
CAV Restaurant|14 Imperial Place, Providence, RI 02903
Los Andes Restaurant|903 Chalkstone Ave, Providence, RI 02908
Taste of India|230 Wickenden St, Providence, RI 02903
Surf Hotel|32 Dodge St, Providence, RI 02907
XO Cafe|125 North Main Street, Providence, RI 02903
Z-Bar|244 Wickenden St, Providence, RI 02903
Pat's Italian|1200 Hartford Ave, Johnston, RI 02919
Red Stripe|465 Angell Street, Providence, RI 02820
Circe Restaurant & Bar|50 Weybosset St, Providence, RI 02903
Mt. Fuji|80 Dean St, Providence, RI 02903
Waterman Grille|392 Waterman St., Providence, RI 02906
Jacky's Restaurant & Banquets (North Providence)|1488 Mineral Spring Ave, North Providence, RI 02904
Ran Zan Japanese Restaurant|1084 Hope St, Providence, RI 02906
Mediterraneo|134 Atwells Ave, Providence, RI 02903
Primecut|393 Charles St, Providence, RI 02904
Bravo Brasserie - Providence|123 Empire Street, Providence, RI 02903
Local 121|121 Washington St, Providence, RI 02903
The Dorrance|60 Dorrance Street, Providence, RI 02903
Cook & Brown Public House|959 Hope Street, Providence, RI 02906
Andino's Restaurant|171 Atwells Ave, Providence, RI 02903
Hemenway's|121 South Main Street, Providence, RI 02903
Jacky's Waterplace Restaurant (Downtown, Providence)|200 Exchange Street, Providence, RI 02903
Loie Fuller's|1455 Westminster St, Providence, RI 02909
Bocado Tapas Wine Bar - Providence|60 Valley Street, Providence, RI 02909
Siena - Providence|238 Atwells Ave, Providence, RI 02903
Nick's on Broadway|500 Broadway, Providence, RI 02909
Camille's Restaurant|71 Bradford Street, Providence, RI 02903
G Pub|61 Orange St, Providence, RI 02903
Shula's 347 Grill - Providence|21 Atwells Avenue, Providence, RI 02903
Bluefin Grille|1 Orms St, Providence, RI 02904
Cafe Paragon|234 Thayer St, Providence, RI 02906
Rosalina|50 Aborn St, Providence, RI 02903
Costantino's Venda Bar & Ristorante|265 Atwells Avenue, Providence, RI 02903
Red Fin Crudo|71 Washington Street, Providence, RI 02903
The Cheesecake Factory - Providence|94 Providence Pl, Providence, RI 02903
Ten Prime Steak & Sushi - Providence|55 Pine Street, Providence, RI 02903
Rogue Kitchen and Bar|65 Weybosset St, Providence, RI 02903
Spirito's Restaurant|477 Broadway, Providence, RI 02909
The Melting Pot - Providence|199 Providence Place, Providence, RI 02903
Fleming's Steakhouse - Providence|One West Exchange Street, Providence, RI 02903
Public Kitchen and Bar|120 Francis Street, Providence, RI 02903
Al Forno Restaurant|577 S Main St, Providence, RI 02903
Nami|198 Atwells Ave, Providence, RI 02903
Centro Restaurant & Lounge|One West Exchange Street, Providence, RI 02903
Romeo's Kitchen|139 Acorn St, Providence, RI 02903
Rooftop at Providence G|100 Dorrance St, Providence, RI 02903
India Restaurant|1060 Hope Street, Providence, RI 02906
Pot au Feu|44 Custom House Street, Providence, RI 02903
Chez Pascal|960 Hope St, Providence, RI 02906
Don Jose Tequilas Restaurant|351 Atwells Ave, Providence, RI 02903
Shark Sushi Bar and Grille|275 Thayer St, Providence, RI 02906
Gracie's|194 Washington Street, Providence, RI 02903
The Capital Grille - Providence|10 Memorial Blvd., Providence, RI 02903
Providence Oyster Bar|283 Atwells Avenue, Providence, RI 02903
Cassarino's|177 Atwells Avenue, Providence, RI 02903
Point St Dueling Pianos|3 Davol Sq, Providence, RI 02903
Garde de la Mer|86 Dorrance St., Providence, RI 02903
Capriccio|2 Pine Street, Providence, RI 02903
Providence Coal Fired Pizza|385 Westminster St., Providence, RI 02903
Parkside Rotisserie & Bar|76 South Main Street, Providence, RI 02903
Mill's Tavern|101 North Main Street, Providence, RI 02903
SideBar and Grille Providence|127 Dorrance St, Providence, RI 02903
Federal Taphouse and Kitchen|279 Atwells Avenue, Providence, RI 02903
Andreas Restaurant|268 Thayer St, Providence, RI 02906
Euro Bistro|441 Atwells Ave, Providence, RI 02909
Rick's Roadhouse|370 Richmond St, Providence, RI 02903
Bacaro|262 S Water St, Providence, RI 02903
Ristorante Pizzico|762 Hope St, Providence, RI 02906
McCormick & Schmick's Seafood - Providence|11 Dorrance Street, Providence, RI 02903
Patricks Pub|381 Smith St, Providence, RI 02908
Cafe Nuovo|One Citizens Plaza, Providence, RI 02903
The Fire|1874 Mineral Spring Ave, North Providence, RI 02911
