Review Date|Review Score
April 5, 2016|5
March 20, 2016|5
March 16, 2016|5
March 13, 2016|5
January 29, 2016|5
December 12, 2015|4
December 10, 2015|4
November 28, 2015|5
November 7, 2015|5
October 28, 2015|5
October 19, 2015|4
October 10, 2015|5
October 3, 2015|2
September 13, 2015|5
August 30, 2015|4
August 29, 2015|5
August 29, 2015|5
August 20, 2015|1
August 13, 2015|3
August 13, 2015|5
July 26, 2015|5
June 21, 2015|5
April 24, 2015|4
April 21, 2015|5
February 24, 2015|5
February 21, 2015|5
January 15, 2015|3
January 11, 2015|5
December 27, 2014|3
December 23, 2014|5
December 4, 2014|3
November 26, 2014|2
November 18, 2014|4
November 14, 2014|4
November 8, 2014|5
November 3, 2014|4
October 6, 2014|4
September 10, 2014|5
September 10, 2014|2
September 9, 2014|2
September 7, 2014|4
August 25, 2014|4
